{
  "count": 191.0,
  "mean": 393.5759162303665,
  "std": 847.4290240399725,
  "25%": 28.0,
  "50%": 70.0,
  "75%": 224.5,
  "max": 4999.0,
  "iqr": 196.5,
  "lower_bound": -266.75,
  "upper_bound": 519.25
}