{
  "count": 205.0,
  "mean": 379.5073170731707,
  "std": 823.2094033476073,
  "25%": 28.0,
  "50%": 72.0,
  "75%": 223.0,
  "max": 4999.0,
  "iqr": 195.0,
  "lower_bound": -264.5,
  "upper_bound": 515.5
}