{
  "count": 202.0,
  "mean": 383.470297029703,
  "std": 828.4877739898506,
  "25%": 28.0,
  "50%": 72.5,
  "75%": 221.75,
  "max": 4999.0,
  "iqr": 193.75,
  "lower_bound": -262.625,
  "upper_bound": 512.375
}